{
  "basic_correlations": {
    "avg_review_score_vs_total_revenue": {
      "r": 0.28388281430894036,
      "p": 0.0026517609949631947
    },
    "avg_review_score_vs_order_count": {
      "r": 0.2856818002659794,
      "p": 0.002483523463722373
    },
    "review_count_vs_total_revenue": {
      "r": 0.8385603780515952,
      "p": 2.9743421980000474e-30
    },
    "review_count_vs_order_count": {
      "r": 0.8434501771798437,
      "p": 6.485018653932784e-31
    }
  },
  "cross_correlations": {
    "review_score_t_vs_revenue_t0": {
      "r": 0.28388281430894036,
      "p": 0.0026517609949631947,
      "lag": 0
    },
    "review_score_t_vs_revenue_t1": {
      "r": 0.3247590276196703,
      "p": 0.0005702660320548329,
      "lag": 1
    },
    "review_score_t_vs_revenue_t2": {
      "r": 0.327712459918746,
      "p": 0.0005358159083315313,
      "lag": 2
    },
    "review_count_t_vs_revenue_t0": {
      "r": 0.8385603780515952,
      "p": 2.9743421980000474e-30,
      "lag": 0
    },
    "review_count_t_vs_revenue_t1": {
      "r": 0.7543739671323535,
      "p": 2.791873916407576e-21,
      "lag": 1
    },
    "review_count_t_vs_revenue_t2": {
      "r": 0.6934602759445644,
      "p": 8.95108937015922e-17,
      "lag": 2
    }
  },
  "n_samples": 110,
  "granularity": "weekly"
}