Approach,Dataset,Model,Accuracy,Precision,Recall,F1,Train Time (s)
By Language,YELP,LOGISTIC,0.8394,0.874657739270349,0.8394,0.8526651227374532,35.273616790771484
By Language,YELP,SVM,0.8572,0.8594711349387971,0.8572,0.858304145069767,95.8451099395752
By Language,ES,LOGISTIC,0.7021,0.7263705522883572,0.7021,0.7118587603778254,15.936756610870361
By Language,ES,SVM,0.6929,0.6926433711422485,0.6929,0.6927643824617699,13.137138366699219
By Language,OLIST,LOGISTIC,0.8062867365192946,0.8471422601196917,0.8062867365192946,0.8233896507132477,2.9512999057769775
By Language,OLIST,SVM,0.8356759519550218,0.8293704552176068,0.8356759519550218,0.8321298848809148,2.443312883377075
Unified,ALL,LOGISTIC,0.7581650148454815,0.80650112273238,0.7581650148454815,0.7760096108189072,58.99861407279968
Unified,ALL,SVM,0.7835905156191193,0.7888343180867434,0.7835905156191193,0.7858585230245893,56.106260776519775
